{"bins": [300.0, 311.0, 322.0, 333.0, 344.0, 355.0, 366.0, 377.0, 388.0, 399.0, 410.0, 421.0, 432.0, 443.0, 454.0, 465.0, 476.0, 487.0, 498.0, 509.0, 520.0, 531.0, 542.0, 553.0, 564.0, 575.0, 586.0, 597.0, 608.0, 619.0, 630.0, 641.0, 652.0, 663.0, 674.0, 685.0, 696.0, 707.0, 718.0, 729.0, 740.0, 751.0, 762.0, 773.0, 784.0, 795.0, 806.0, 817.0, 828.0, 839.0, 850.0], "counts_buenos": [0, 0, 0, 0, 0, 0, 0, 0, 0, 0, 0, 0, 0, 0, 0, 0, 0, 0, 0, 0, 0, 3, 39, 317, 1584, 4488, 7223, 7289, 7463, 6038, 3854, 2500, 969, 169, 6, 0, 0, 0, 0, 0, 0, 0, 0, 0, 0, 0, 0, 0, 0, 0], "counts_malos": [0, 0, 0, 0, 0, 0, 0, 0, 0, 0, 0, 0, 0, 0, 0, 0, 0, 0, 0, 0, 0, 4, 75, 474, 1415, 2600, 2768, 1914, 1301, 755, 315, 123, 20, 0, 0, 0, 0, 0, 0, 0, 0, 0, 0, 0, 0, 0, 0, 0, 0, 0], "media_general": 605.4319362872942, "stats_buenos": {"min": 533.0944079722597, "q1": 592.3361753255721, "mediana": 608.0328487082975, "q3": 624.1563740013752, "max": 683.8040775949553}, "stats_malos": {"min": 535.771262898491, "q1": 579.5168937994637, "mediana": 590.670963627552, "q3": 605.2060699484705, "max": 660.3375539533715}}