{"bins": [300.0, 311.0, 322.0, 333.0, 344.0, 355.0, 366.0, 377.0, 388.0, 399.0, 410.0, 421.0, 432.0, 443.0, 454.0, 465.0, 476.0, 487.0, 498.0, 509.0, 520.0, 531.0, 542.0, 553.0, 564.0, 575.0, 586.0, 597.0, 608.0, 619.0, 630.0, 641.0, 652.0, 663.0, 674.0, 685.0, 696.0, 707.0, 718.0, 729.0, 740.0, 751.0, 762.0, 773.0, 784.0, 795.0, 806.0, 817.0, 828.0, 839.0, 850.0], "counts_buenos": [0, 0, 0, 0, 0, 0, 0, 0, 0, 0, 0, 0, 0, 0, 0, 0, 0, 0, 0, 0, 0, 3, 72, 448, 1874, 4309, 6583, 8156, 7629, 5669, 3723, 2245, 951, 252, 27, 0, 1, 0, 0, 0, 0, 0, 0, 0, 0, 0, 0, 0, 0, 0], "counts_malos": [0, 0, 0, 0, 0, 0, 0, 0, 0, 0, 0, 0, 0, 0, 0, 0, 0, 0, 0, 0, 2, 4, 106, 637, 1506, 2402, 2509, 2061, 1411, 676, 316, 112, 22, 0, 0, 0, 0, 0, 0, 0, 0, 0, 0, 0, 0, 0, 0, 0, 0, 0], "media_general": 604.9572693125123, "stats_buenos": {"min": 534.0848147827423, "q1": 592.6717010086633, "mediana": 607.3845755843088, "q3": 623.0281445940573, "max": 702.6002403697086}, "stats_malos": {"min": 530.0732231410828, "q1": 578.697976909549, "mediana": 591.2013671519021, "q3": 605.5413379800527, "max": 661.6642556393514}}