{"bins": [300.0, 311.0, 322.0, 333.0, 344.0, 355.0, 366.0, 377.0, 388.0, 399.0, 410.0, 421.0, 432.0, 443.0, 454.0, 465.0, 476.0, 487.0, 498.0, 509.0, 520.0, 531.0, 542.0, 553.0, 564.0, 575.0, 586.0, 597.0, 608.0, 619.0, 630.0, 641.0, 652.0, 663.0, 674.0, 685.0, 696.0, 707.0, 718.0, 729.0, 740.0, 751.0, 762.0, 773.0, 784.0, 795.0, 806.0, 817.0, 828.0, 839.0, 850.0], "counts_buenos": [0, 0, 0, 0, 0, 0, 0, 0, 0, 0, 0, 0, 0, 0, 0, 0, 0, 0, 0, 0, 0, 5, 53, 375, 1796, 4450, 7272, 7433, 7369, 5790, 3951, 2394, 906, 140, 6, 1, 0, 1, 0, 0, 0, 0, 0, 0, 0, 0, 0, 0, 0, 0], "counts_malos": [0, 0, 0, 0, 0, 0, 0, 0, 0, 0, 0, 0, 0, 0, 0, 0, 0, 0, 0, 0, 0, 5, 90, 539, 1497, 2553, 2693, 1934, 1299, 704, 300, 125, 25, 0, 0, 0, 0, 0, 0, 0, 0, 0, 0, 0, 0, 0, 0, 0, 0, 0], "media_general": 604.9075513494871, "stats_buenos": {"min": 532.0032468455955, "q1": 592.2261145981959, "mediana": 607.420323898117, "q3": 623.6347248239107, "max": 708.7980479519119}, "stats_malos": {"min": 534.5600097263823, "q1": 578.8898996589094, "mediana": 590.7311859324914, "q3": 604.8482298388974, "max": 662.5934159882089}}